id;name;surname;age;account_id;adress
1;IB Tennessee;Handmade protocol;67;Direct;AI
2;Balboa US Dollar Clothing;Usability;73;Iowa;Convertible Marks
3;Route International;Customer overriding;84;West Virginia Al;Gorgeous Concrete Shirt Texas
4;background Enterprise-wide Persevering;Awesome;69;mindshare calcul;Gorgeous
5;program;infrastructures Ouguiya Timor-Leste;31;Dynamic Factors ;Palladium standardization
6;Ridge Mouse;Burundi Franc;84;turn-key Central;tan
7;orchestrate dynamic user-centric;Harbors Central;60;Up-sized Shoes F;Arkansas azure Ergonomic Soft Pants
8;Tasty;Solutions SSL Outdoors;111;Hungary Phased;programming Producer intermediate
9;Cuba;Home Loan Account bifurcated;110;Industrial;frame Rustic Wooden Pizza tangible
10;actuating optimize;Well;116;Dominican Republ;PCI bypassing monetize
